Id_Produktu,LP,Indeks,Identyfikator,Opis,Cena brutto,Sciezka,Kategoria,Atrybut,Formularz Zamowien,Warstwy,Kolor
255,63,"HDF ŻYWICA","MAGNES HDF ŻYWICA POLSKA","Brak opisu",0.0000,"2$5","Magnesy","0",,"Warstwa 1,cut$cut sklejka tył",
321,2,"KUBEK DUŻY","KUBEK DUŻY","Brak opisu",12.0000,"3","Ceramika i szkło","0",,"Warstwa 1,cut",
330,17,"KUFEL SUB CERAMIKA","KUFEL C2 SUB","Brak opisu",0.0000,"10","Ceramika i szkło","0",,"Warstwa 1,cut",
331,18,"KUFEL SUB CERAMIKA","KUFEL C3 SUB","Brak opisu",0.0000,"10","Ceramika i szkło","0",,"Warstwa 1,cut",
337,0,"DK42-037E","DŁUGOPIS BAMBUS 2","Metalowy długopis na którym można wygrawerować metodą laserową małą grafikę ze wzorem. Produkt dostępny w 3 kolorach, zapakowany na  kartce i wytłoczce dopasowanej do kształtu długopisu.",3.5000,"3","Długopisy","0",,"Warstwa 1",
339,0,"DK42-045A3","PIERSIÓWKA 4","Brak opisu",0.0000,"6","Akcesoria podróżne","0",,"Warstwa 1,cut",
344,0,"ZAPALNICZKA GUMA OMBRE","ZAPALNICZKA GUMA OMBRE","Zapalniczka gazowa z żarowym płomieniem 
z możliwością wielokrotnego napełnienia. Zapalniczka występuje w 4 kolorach. Produkt zapakowany 
w kartonik i wypraskę z tworzywa sztucznego.",8.1300,"1.5","Zapalniczki i popielniczki","0",,"Warstwa 1,cut",
345,0,"HDF ŻYWICA","MAGNES HDF ŻYWICA DOWOLNY KSZTAŁT","Brak opisu",0.0000,"2$5","Magnesy","0",,"Warstwa 1,cut$cut sklejka tył",
389,56,"SKLEJKA DOWOLNY KSZTAŁT","SKLEJKA DOWOLNY KSZTAŁT","Brak opisu",0.0000,"5%3","Magnesy","0",,"cut sklejka przód %grawer sklejka przód END",
382,0,"DK43-050D1-3L","TORBA PAPIEROWA D 30X25","Brak opisu",0.0000,"12","Upominki biznesowe","0",,"Warstwa 1,cut",
383,0,"DK43-050B1-5L","TORBA PAPIEROWA B 16X24","Brak opisu",0.0000,"12","Upominki biznesowe","0",,"Warstwa 1,cut",
384,0,"DK43-050C1-5L","TORBA PAPIEROWA C 19X27","Brak opisu",0.0000,"12","Upominki biznesowe","0",,"Warstwa 1,cut",
385,0,"DK43-050F1F3L","TORBA PAPIEROWA F 12X40","Brak opisu",0.0000,"12","Upominki biznesowe","0",,"Warstwa 1,cut",
386,0,"DK43-050A1-5L","TORBA PAPIEROWA A 14X17","Brak opisu",0.0000,"12","Upominki biznesowe","0",,"Warstwa 1,cut",
388,0,"DK43-050D4-5L","TORBA PAPIEROWA D 30X25","Brak opisu",0.0000,"12","Upominki biznesowe","0",,"Warstwa 1,cut",
97,18,"OTWIERACZ PLAST","OTWIERACZ PLAST STOPA","Otwieracz do butelek w kształcie stopy posiadający magnes. Produkt wykonany z plastiku, możliwe jest nadrukowanie dowolnej grafiki.",4.0000,"1.4","Otwieracze do butelek","0",,"Warstwa 1",
98,19,"OTWIERACZ ŻYWICA","OTWIERACZ PLAST STOPA ŻYWICA","Otwieracz do butelek w kształcie stopy posiadający magnes. Produkt wykonany z plastiku, możliwe jest nadrukowanie dowolnej grafiki.",5.0000,"2","Otwieracze do butelek","0",,"Warstwa 1,cut",
99,20,"OTWIERACZ POLIRESING-1","OTWIERACZ POLIRESING KAPSEL","Otwieracz wykonany z tworzywa ceramicznego posiadający miejsce na wykonanie grafiki ze wzorem. Produkt posiada magnes na rewersie, zapakowany w woreczku.",4.5000,"1.4","Otwieracze do butelek","0",,"Warstwa 1",
100,21,"OTWIERACZ ŻYWICA","OTWIERACZ POLIRESING KAPSEL ŻYWICA","Otwieracz wykonany z tworzywa ceramicznego posiadający miejsce na wykonanie grafiki ze wzorem. Produkt posiada magnes na rewersie, zapakowany w woreczku.",5.0000,"2","Otwieracze do butelek","0",,"Warstwa 1,cut",
101,22,"OTWIERACZ DREWNO","OTWIERACZ DREWNO BUTELKA","Otwieracz do butelek w kształcie butelki posiadający magnes. Produkt wykonany z płyty MDF, możliwe jest nadrukowanie dowolnej grafiki.",6.0000,"1.5","Otwieracze do butelek","0",,"Warstwa 1",
51,51,"MAGNES WAKACJE","MAGNES WAKACJE","Drewniany magnes moje wakacje z nazwą miejscowości. Elegancki magnes wypełniony żywicą, wykonany w technologii full color.",6.5000,"5%3$2.1","Magnesy","0",,"cut sklejka przód,cut sklejka tył%grawer sklejka przód$Warstwa 1, cut END
grawer sklejka przód $ Warstwa 1, cut",
102,23,"OTWIERACZ DREWNO","OTWIERACZ DREWNO MUSZLA","Otwieracz do butelek w kształcie muszli posiadający magnes. Produkt wykonany z płyty MDF, możliwe jest nadrukowanie dowolnej grafiki.",6.0000,"1.6","Otwieracze do butelek","0",,"Warstwa 1",
103,24,"DK41-079A","OTWIERACZ METAL 1","Otwieracz do butelek posiadający magnes. Produkt wykonany ze stopu metali z miejscem na naklejkę żywiczną. Produkt zapakowany w woreczek.",8.0000,"2","Otwieracze do butelek","0",,"Warstwa 1,cut",
144,0,"DK41-TORBA ECO","TORBA ECO","Torba bawełniana, 2 kolory, naturalny i czarny. Wymiar torby 40*41 cm+uszy 33 cm, dno pełne, mocna gramatura materiału 350 gr, wzmocnione szycia, zadruk logo 1 stronny w cenie, dowolna grafika, możliwy pełny kolor",12.0000,"4","Tekstylia","0",,"Warstwa 1,cut","biała,czarna"
324,0,"DK42-TORBA SUB","TORBA SUB","Brak opisu",,"8","Tekstylia","0",,"Warstwa 1,cut","biała,czarna"
333,64,"DK42-162","BRELOK KOTWICA","Brak opisu",0.0000,"2","Breloki","DOUBLE",,"Warstwa 1,cut",
223,6,"KUBEK SUB","KUBEK SUB","Kubek ceramiczny z możliwością wykonania dowolnej grafiki lub hasła w pełnym kolorze. Kubek dostępny w kolorze białym, z niebieskim uchem oraz wnętrzem kubka.",12.0000,"10","Ceramika i szkło","Produkt virtualny",,"Warstwa 1,cut",
105,1,"KIELISZEK ","KIELISZEK ","Kwadratowy kieliszek wykonany z grubego szkła pojemności 80 ml. Możliwe wykonane grafiki na dowolnej zewnętrznej ścianie kieliszka.",4.5000,"1.1","Ceramika i szkło","0",,"Warstwa 1",
378,0,"NAKLEJKA 3D","NAKLEJKA 3D","Brak opisu",0.0000,"2.1","Breloki","0",,"Warstwa 1,cut",
245,55,"HDF WKLEJKA","MAGNES HDF WKLEJKA","Brak opisu",0.0000,"5$2.1","Magnesy","0",,"cut sklejka przód,cut sklejka tył$Warstwa 1, cut END
grawer sklejka przód $ Warstwa 1, cut",
57,4,"DK38-003AB","BRELOK METALOWY Z IMITACJĄ SKÓRY","Elegancki brelok wykonany z metalu i imitacji skóry. Produkt dostępny w 2 kształtach: prostokąt i koło, posiada miejsce na grafikę. Możliwość wykonania dowolnej grafiki.",4.0000,"2","Breloki","WYCOFANY",,"Warstwa 1,cut",
354,0,"DK43-021","OTWIERACZ DZWONEK OWAL","Brak opisu",0.0000,"2","Otwieracze do butelek","DOUBLE",,"Warstwa 1,cut",
138,0,"KOSZULKA","KOSZULKA DZIECIĘCA","Koszulka bawełniana dziecięca, rozmiary od 110 do 152 wzrostu, 7 kolorów: biała, czarna, szara, czerwona, błękitna, niebieska, różowa. Nadruk pełny kolor w cenie, zapakowana w woreczku i kartce usztywniającej. Oryginalne specjalnie zaprojektowane grafiki ",15.0000,"4","Tekstylia","WYCOFANY",,"Warstwa 1",
230,12,"SZKLANKA KWADRAT SUB","SZKLANKA KWADRAT SUB","Szklanka kwadratowa możliwością wykonania dowolnej grafiki. Produkt dostępny w wielu ciekawych wzorach",9.0000,"10","Ceramika i szkło","0",,"Warstwa 1,cut",
46,46,"MAGNES DŁUGOPIS","MAGNES DŁUGOPIS","Plastikowy magnes z funkcją długopisu. Możliwe wykonanie dowolnej grafiki na wierzchniej stronie przedmiotu. Do długopisu dołączony mały notes i samoprzylepne karteczki.",4.5000,"2","Magnesy","WYCOFANY",,"Warstwa 1,cut",
54,1,"DK39-EKO2","BRELOK ECO","Elegancki brelok wykonany z imitacji skóry z grawerem laserowym który można wykonać na obu stronach breloka. Produkt dostępny w 3 kolorach: Czarny ze srebrnym grawerem, Brązowy z czarnym grawerem i Beżowy z czarnym grawerem. Brak możliwości zmiany koloru ",4.0000,"3","Breloki","BRAK PRODUKTU",,"Warstwa 1",
119,1,"DK27-003","CHUSTA NA GŁOWĘ Z APLIKACJĄ","Chusta bawełniana z imieniem dziecka, boczki chusty kolorowe z 3 motywami (obrazkami), środek biały. Oferujemy  6 kolorów produktu, produkt zapakowany w woreczku.",6.0000,"7","Czapki i nakrycia głowy","BRAK PRODUKTU",,"Warstwa 1",
256,0,"DK42-130","DZWONEK KOŁO","Brak opisu",0.0000,"2","Ozdoby domowe","DOUBLE",,"Warstwa 1,cut",
257,0,"DK42-132","DZWONEK STER","Brak opisu",0.0000,"2","Ozdoby domowe","DOUBLE",,"Warstwa 1,cut",
59,6,"BRE OBROTOWY BECZKA","BRELOK OBROTOWY BECZKA","Brelok metalowy z obrotowym i dwustronnie spersonalizowanym elementem. Na jednej stronie  logo z danego miasta, miejscowości (fotografia lub inny wzór), druga strona to  imię lub hasło. Każda sztuka zapakowana na kartoniku.",6.0000,"2","Breloki","0",,"Warstwa 1,cut",
226,8,"DK42-037C","DŁUGOPIS BAMBUS","Bambusowy długopis na którym można wygrawerować metodą laserową małą grafikę ze wzorem. ",3.0000,"3","Długopisy","0",,"Warstwa 1",
346,0,"U70-HC","ZAPALNICZKA U70-HC","Zapalniczka gazowa z żarowym płomieniem 
z możliwością wielokrotnego napełnienia. Zapalniczka występuje w 4 kolorach. Produkt zapakowany 
w kartonik i wypraskę z tworzywa sztucznego.",9.5000,"1.5","Zapalniczki i popielniczki","0",,"Warstwa 1,cut",
111,1,"DK40-025C","DŁUGOPIS KRYSZTAŁ Z GUMKĄ","Metalowy długopis z ozdobnymi kryształkami, na którym można wygrawerować metodą laserową małą grafikę ze wzorem. Produkt dostępny w 6 kolorach, zapakowany na  kartce i wytłoczce dopasowanej do kształtu długopisu.",4.5000,"6","Długopisy","0",,"Warstwa 1",
112,2,"DK40-025D","DŁUGOPIS KRYSZTAŁ Z OCZKIEM","Metalowy długopis z ozdobnymi kryształkami, na którym można wygrawerować metodą laserową małą grafikę ze wzorem. Produkt dostępny w 6 kolorach, zapakowany na  kartce i wytłoczce dopasowanej do kształtu długopisu.",4.5000,"6","Długopisy","0",,"Warstwa 1",
113,3,"DK29-037A","DŁUGOPIS METALOWY 2","Metalowy długopis na którym można wygrawerować metodą laserową małą grafikę ze wzorem. Produkt dostępny w 2 kolorach, zapakowany na  kartce i wytłoczce dopasowanej do kształtu długopisu.",4.5000,"6","Długopisy","0",,"Warstwa 1",
106,2,"DK30-KUBEK","KUBEK CERAMICZNY KOLOROWY","Kubek ceramiczny z wygrawerowanym metodą laserową imieniem lub hasłem. Dostępne kolory: biało-czarny, 
czerwono-biały, biało-czerwony, czarno-biały, niebiesko-biały, biało-niebieski. Pierwszy człon koloru dotyczy zewnętrznej powierzchni kubka.",12.0000,"3","Ceramika i szkło","0",,"Warstwa 1,cut",
250,59,"HDF ŻYWICA","MAGNES HDF ŻYWICA PROSTOKĄT MAŁY","Brak opisu",0.0000,"2$5","Magnesy","0",,"Warstwa 1,cut$cut sklejka tył",
114,4,"DK40-025A","DŁUGOPIS METALOWY 3","Metalowy długopis na którym można wygrawerować metodą laserową małą grafikę ze wzorem. Produkt dostępny w 5 kolorach, zapakowany na  kartce i wytłoczce dopasowanej do kształtu długopisu.",3.5000,"6","Długopisy","0",,"Warstwa 1",
251,60,"HDF ŻYWICA","MAGNES HDF ŻYWICA PROSTOKĄT DUŻY","Brak opisu",0.0000,"2$5","Magnesy","0",,"Warstwa 1,cut$cut sklejka tył",
252,61,"HDF ŻYWICA","MAGNES HDF ŻYWICA MUSZLA","Brak opisu",0.0000,"2$5","Magnesy","0",,"Warstwa 1,cut$cut sklejka tył",
115,5,"DK40-025E","DŁUGOPIS METALOWY 4","Metalowy długopis na którym można wygrawerować metodą laserową małą grafikę ze wzorem. Produkt dostępny w 6 kolorach, zapakowany na  kartce i wytłoczce dopasowanej do kształtu długopisu.",3.0000,"6","Długopisy","0",,"Warstwa 1",
253,62,"HDF ŻYWICA","MAGNES HDF ŻYWICA I LOVE","Brak opisu",0.0000,"2$5","Magnesy","0",,"Warstwa 1,cut$cut sklejka tył",
116,6,"DK40-025B","DŁUGOPIS METALOWY CZARNY","Metalowy długopis na którym można wygrawerować metodą laserową małą grafikę ze wzorem. Produkt dostępny w 3 kolorach, zapakowany na  kartce i wytłoczce dopasowanej do kształtu długopisu.",3.5000,"6","Długopisy","0",,"Warstwa 1",
117,7,"DŁ ZMAZYWALNY","DŁUGOPIS ZMAZYWALNY","Długopis z wkładem który posiada specjalną gumkę umieszczoną na końcówce długopisu, która ściera nie pozostawiając śladu. Długopis występuje w 8 kolorach. Jakość wykonania nie odbiega od markowych długopisów, wielokrotnie droższych. Wkład najwyższej jakoś",4.5000,"1.5","Długopisy","0",,"Warstwa 1",
318,0,"BRELOK STRZAŁA","BRELOK STRZAŁA","Brak opisu",0.0000,"2","Breloki","0",,"Warstwa 1,cut",
295,7,"KUBEK RETRO","KUBEK RETRO SUB","Brak opisu",0.0000,"10","Ceramika i szkło","0",,"Warstwa 1,cut",
309,0,"DK42-205","DŁUGOPIS METAL BAMBUS","Brak opisu",0.0000,"6","Długopisy","0",,"Warstwa 1,cut",
120,2,"DK27-NAME B/G","CZAPKA HIP HOP","Czapka hip hop z imieniem dziecka, rozmiar dziecięcy XS z regulowanym paskiem z tyłu głowy. Dostępne w 6 kolorach.",5.0000,"7","Czapki i nakrycia głowy","0",,"Warstwa 1",
121,3,"DK27-002 (CZAPKA)

PASEK KAPITAN","CZAPKA KAPITAŃSKA","Czapka kapitańska z imieniem dziewczynki lub chłopca.  Imiona na paskach, klient kupuje czapkę i doczepiany zostaje pasek z odpowiednim imieniem lub napisem „KAPITAN”. Możliwe wykonanie dowolnego 
napisu / białej grafiki na pasku.",,"7","Czapki i nakrycia głowy","0",,"Warstwa 1",
122,4,"DK30-OPASKA","OPASKA NA GŁOWĘ","Dziewczęca opaska na głowę + zestaw gumek do włosów. Oferujemy 4 kolory: fiolet, różowy, jasno różowy, jasny niebieski. Produkt zapakowany na stylowej kartce w woreczku.",3.5000,"7","Czapki i nakrycia głowy","0",,"Warstwa 1",
124,0,"BRANS MUSZLA D","BRANSOLETKA MUSZLA DUŻA","Bransoletka wykonana z miękkiego plecionego kolorowego sznurka z elementem pod grawer i naturalnymi muszelkami. Produkt personalizowany imionami damskimi. Niepowtarzalny upominek z wakacyjnego wyjazdu. Oferujemy produkt w 3 modnych kolorach.",4.0000,"3","Bransoletki","0",,"Warstwa 1",
341,0,"BUTELKA BURSZTYN","BUTELKA BURSZTYN","Brak opisu",0.0000,"3","Ozdoby domowe","0",,"Warstwa 1,cut",
125,0,"BRANS MUSZLA M","BRANSOLETKA MUSZLA MAŁA","Bransoletka wykonana z miękkiego plecionego kolorowego sznurka z elementem pod grawer i naturalnymi muszelkami. Produkt personalizowany imionami dziecięcymi. Niepowtarzalny upominek z wakacyjnego wyjazdu. Oferujemy produkt w 3 modnych kolorach.",4.0000,"3","Bransoletki","0",,"Warstwa 1",
126,0,"DK29-054A","BRANSOLETKA SILIKONOWA DUŻA","Bransoletka wykonana z elastycznego silikonu z miejscem na grawer. Produkt dostępny w kolorze czerwonym, obwód 20mm.",2.5000,"6","Bransoletki","0",,"Warstwa 1",
338,0,"KOSZULKA","KOSZULKA POLO","Brak opisu",15.0000,"4","Tekstylia","0",,"Warstwa 1",
342,0,"MAGNES BURSZTYN","MAGNES SKLEJKA BURSZTYN","Brak opisu",0.0000,"5%3$3$3","Magnesy","0",,"Warstwa 1%grawer góra$grawer środek$grawer dół END",
127,0,"DK29-054B","BRANSOLETKA SILIKONOWA MAŁA","Bransoletka wykonana z elastycznego silikonu z miejscem na grawer. Produkt dostępny w 6 kolorach, obwód 18mm.",2.5000,"6","Bransoletki","0",,"Warstwa 1",
128,0,"DK30-052","BRANSOLETKA SKÓRZANA","Bransoletka wykonana ze skóry i sznurka z metalowym elementem na którym wygrawerowane zostało imię dziecka. Oferowana w 4 kolorach, produkt zapakowany na stylowej kartce w woreczku.",4.0000,"6","Bransoletki","0",,"Warstwa 1",
232,51,"MAGNES PIANKA 1","MAGNES PIANKA 1","Magnes wykonany z lekkiej pianki z kolorową grafiką.",3.5000,"11","Magnesy","0",,"Warstwa 1",
233,52,"MAGNES PIANKA 2","MAGNES PIANKA 2","Magnes wykonany z lekkiej pianki z kolorową grafiką.",4.5000,"11","Magnesy","0",,"Warstwa 1",
235,10,"ZAW SERCE","ZAW SERCE","Zawieszka wykonana z drewna w kształcie eleganckiego serca. Wiele dostępnych wzorów efektyeni pomoże w zdobie domu.",5.0000,"5.1","Ramki do zdjęć i termometry","0",,"Warstwa 1",
236,53,"MAGNES FOLIA 1","MAGNES FOLIA 1","Magnes wykonany z grubej folii z kolorową grafiką.",2.5000,"11","Magnesy","0",,"Warstwa 1,cut",
238,54,"MAGNES FOLIA 2","MAGNES FOLIA 2","Magnes wykonany z grubej folii z kolorową grafiką.",3.0000,"11","Magnesy","0",,"Warstwa 1,cut",
242,26,"DK41-108","BRELOK GRAWER PROSTOKĄT","Brelok metalowy ze stylowym skórzanym wykończeniem! Metalowy element jest grawerowany laserowo.",6.0000,"6","Breloki","0",,"Warstwa 1,cut",
243,27,"DK41-108","BRELOK GRAWER OWAL","Brelok metalowy ze stylowym skórzanym wykończeniem! Metalowy element jest grawerowany laserowo.",6.0000,"6","Breloki","0",,"Warstwa 1,cut",
231,14,"KUBEK M KOLOR SUB","KUBEK M KOLOR SUB","Brak opisu",0.0000,"10","Ceramika i szkło","0",,"Warstwa 1,cut",
244,28,"DK41-108","BRELOK GRAWER KOŁO","Brelok metalowy ze stylowym skórzanym wykończeniem! Metalowy element jest grawerowany laserowo.",6.0000,"6","Breloki","0",,"Warstwa 1,cut",
246,56,"POCZTÓWKA 1","MAGNES POCZTÓWKA 1","Brak opisu",0.0000,"5%3","Magnesy","0",,"cut sklejka przód,cut sklejka tył, grawer sklejka przód numery%grawer sklejka przód END",
248,29,"BRELOK SERCE MAŁE","BRELOK SERCE MAŁE","Brak opisu",0.0000,"1.2","Breloki","0",,"biały, kolor",
254,0,"WOREK SPORTOWY","WOREK SPORTOWY","Brak opisu",0.0000,"4","Tekstylia","0",,"Warstwa 1,cut",
293,0,"NAKLEJKI FOLIA","NAKLEJKI FOLIA","Produkt do wszelkiego rodzaju naklejek dowolnego kształtu",0.0000,"2.1","Magnesy","0",,"Warstwa 1,cut",
258,30,"BRELOK PREMIUM","BRELOK PREMIUM","Brak opisu",0.0000,"6","Breloki","0",,"Warstwa 1,cut",
260,0,"DK42-131","ŁYŻECZKA 1","Brak opisu",0.0000,"2","Magnesy","0",,"Warstwa 1,cut",
1,1,"AKRYL 1","AKRYL DOWOLNY KSZTAŁT","Magnes wykonany z wyciętego akrylu w kształcie dowolnym. Możliwe nadrukowanie grafiki na powstałym kształcie.",4.5000,"5.1","Magnesy","0",,"Warstwa 1",
267,0,"DK42-151","MAGNES KUBEK","Brak opisu",0.0000,"2.1","Magnesy","0",,"Warstwa 1,cut",
2,2,"MAGNES POLSKA ","MAGNES AKRYL POLSKA","Magnes wykonany z akrylu w kształcie mapy Polski z możliwością nadruku grafiki. Produkt w woreczku.",4.5000,"1.4","Magnesy","0",,"Warstwa 1",
60,7,"BRE OBROTOWY KOŁO","BRELOK OBROTOWY KOŁO","Brelok metalowy z obrotowym i dwustronnie spersonalizowanym elementem. Na jednej stronie  logo z danego miasta, miejscowości (fotografia lub inny wzór), druga strona to  imię lub hasło. Każda sztuka zapakowana na kartoniku.",6.0000,"2","Breloki","0",,"Warstwa 1,cut",
279,0,"DK42-055A","MAGNES POLIRESING ŻYWICA STER","Brak opisu",0.0000,"2","Magnesy","0",,"Warstwa 1,cut",
280,0,"DK42-055B","MAGNES POLIRESING ŻYWICA MUSZLA","Brak opisu",0.0000,"2","Magnesy","0",,"Warstwa 1,cut",
281,0,"DK42-055C","MAGNES POLIRESING ŻYWICA STATEK","Brak opisu",0.0000,"2","Magnesy","0",,"Warstwa 1,cut",
282,0,"DK42-047A","MAGNES POLIRESING RAMKA 1","Brak opisu",0.0000,"2","Magnesy","0",,"Warstwa 1,cut",
283,0,"DK42-047B","MAGNES POLIRESING RAMKA 2","Brak opisu",0.0000,"2","Magnesy","0",,"Warstwa 1,cut",
61,8,"BRE OBROTOWY PROSTOKĄT","BRELOK OBROTOWY PROSTOKĄT","Brelok metalowy z obrotowym i dwustronnie spersonalizowanym elementem. Na jednej stronie  logo z danego miasta, miejscowości (fotografia lub inny wzór), druga strona to  imię lub hasło. Każda sztuka zapakowana na kartoniku.",6.0000,"2","Breloki","0",,"Warstwa 1,cut",
62,9,"BRE OBROTOWY SERCE","BRELOK OBROTOWY SERCE","Brelok metalowy z obrotowym i dwustronnie spersonalizowanym elementem. Na jednej stronie  logo z danego miasta, miejscowości (fotografia lub inny wzór), druga strona to  imię lub hasło. Każda sztuka zapakowana na kartoniku.",6.0000,"2","Breloki","0",,"Warstwa 1,cut",
228,54,"MAGNES HDF","MAGNES HDF","Drewniany magnes z nazwą miejscowości. Magnes wykonany w technologii full color.",5.0000,"5$2.1","Magnesy","0",,"cut sklejka$Warstwa 1,cut",
3,3,"MAGNES DREWNO","MAGNES DREWNO STER","Drewniany magnes posiadający miejsce na wykonanie grafiki ze wzorem. Produkt w woreczku.",3.5000,"1.3","Magnesy","0",,"Warstwa 1",
4,4,"MAGNES DREWNO","MAGNES DREWNO KOTWICA","Drewniany magnes posiadający miejsce na wykonanie grafiki ze wzorem. Produkt w woreczku.",3.5000,"1.3","Magnesy","0",,"Warstwa 1",
5,5,"MAGNES DREWNO","MAGNES DREWNO OKULARY","Drewniany magnes posiadający miejsce na wykonanie grafiki ze wzorem. Produkt w woreczku.",3.5000,"1.3","Magnesy","0",,"Warstwa 1",
6,6,"MAGNES DREWNO","MAGNES DREWNO LINA","Drewniany magnes posiadający miejsce na wykonanie grafiki ze wzorem. Produkt w woreczku.",3.5000,"1.3","Magnesy","0",,"Warstwa 1",
7,7,"MAGNES DREWNO","MAGNES DREWNO ZNACZEK","Drewniany magnes posiadający miejsce na wykonanie grafiki ze wzorem. Produkt w woreczku.",3.5000,"1.3","Magnesy","0",,"Warstwa 1",
336,0,"DK42-037B","DŁUGOPIS METAL BAMBUS GUMKA","Metalowy długopis na którym można wygrawerować metodą laserową małą grafikę ze wzorem. Produkt dostępny w 3 kolorach, zapakowany na  kartce i wytłoczce dopasowanej do kształtu długopisu.",3.5000,"6","Długopisy","0",,"Warstwa 1",
8,8,"MAGNES DREWNO","MAGNES DREWNO PROSTOKĄT","Drewniany magnes posiadający miejsce na wykonanie grafiki ze wzorem. Produkt w woreczku.",3.5000,"1.3","Magnesy","0",,"Warstwa 1",
23,23,"POLIRESING STER","MAGNES POLIRESING STER","Magnes wykonany z tworzywa ceramicznego posiadający miejsce na wykonanie grafiki ze wzorem. Produkt zapakowany w woreczku.",4.5000,"1.4","Magnesy","0",,"Warstwa 1",
229,55,"MAGNES HDF GRAF","MAGNES HDF GRAF","Drewniany magnes z nazwą miejscowości. Magnes wykonany w technologii full color.",6.0000,"5$2.1","Magnesy","0",,"cut sklejka$Warstwa 1,cut",
262,0,"DK42-144","OTWIERACZ OWAL SERCE","Brak opisu",0.0000,"2","Otwieracze do butelek","0",,"Warstwa 1,cut",
263,0,"DK42-145","OTWIERACZ METAL LOVE","Brak opisu",0.0000,"2","Otwieracze do butelek","0",,"Warstwa 1,cut",
9,9,"MAGNES METAL APARAT","MAGNES METAL APARAT","Magnes wykonany ze szczotkowanego stopu metali z miejscem na naklejkę żywiczną. Możliwość wykonania dowolnej grafiki na naklejce oraz zatopienia w niej elementu ozdobnego. Produkt dostępny w dwóch kolorach: złoty i srebrny zapakowany 
w stylowym woreczku.",6.5000,"2","Magnesy","0",,"Warstwa 1,cut",
264,0,"DK42-146","OTWIERACZ METAL SERCE","Brak opisu",0.0000,"2","Otwieracze do butelek","0",,"Warstwa 1,cut",
265,0,"DK42-147","OTWIERACZ METAL LATARNIA","Brak opisu",0.0000,"2","Otwieracze do butelek","0",,"Warstwa 1,cut",
266,0,"DK42-148","OTWIERACZ METAL POLSKA","Brak opisu",0.0000,"2","Otwieracze do butelek","0",,"Warstwa 1,cut",
268,0,"DK42-153","OTWIERACZ METAL KUFEL","Brak opisu",0.0000,"2","Otwieracze do butelek","0",,"Warstwa 1,cut",
269,0,"DK42-154","NAPARSTEK","Brak opisu",0.0000,"2","Ozdoby domowe","0",,"Warstwa 1,cut",
270,0,"DK42-159","BRELOK I LOVE","Brak opisu",0.0000,"2","Breloki","0",,"Warstwa 1,cut",
271,0,"DK42-160","BRELOK SCYZORYK","Brak opisu",0.0000,"2","Breloki","0",,"Warstwa 1,cut",
343,0,"ZAPALNICZKA JET OMBRE","ZAPALNICZKA JET OMBRE","Zapalniczka gazowa z żarowym płomieniem 
z możliwością wielokrotnego napełnienia. Zapalniczka występuje w 4 kolorach. Produkt zapakowany 
w kartonik i wypraskę z tworzywa sztucznego.",8.1300,"1.5","Zapalniczki i popielniczki","0",,"Warstwa 1,cut",
278,0,"BRAK","ŁYŻECZKA 2","Brak opisu",0.0000,"2","Magnesy","0",,"Warstwa 1,cut",
247,57,"POCZTÓWKA 2","MAGNES POCZTÓWKA 2","Brak opisu",0.0000,"5%3$2","Magnesy","0",," cut sklejka przód,cut sklejka tył%grawer sklejka przód$Warstwa 1, cut END
cut sklejka tył, cut sklejka przód, 
Grawer sklejka przód",
249,58,"HDF ŻYWICA","MAGNES HDF ŻYWICA SERCE","Brak opisu",0.0000,"2$5","Magnesy","0",,"Warstwa 1,cut$cut sklejka tył",
107,3,"DK40-KUBEK PRL","KUBEK CERAMICZNY PRL","Kubek ceramiczny z wygrawerowanym metodą laserową imieniem lub hasłem. Ciekawy produkt w sympatycznym kształcie. Grawer w kolorze białym",12.0000,"3","Ceramika i szkło","0",,"Warstwa 1,cut",
108,4,"DK37-001A","KUBEK CERAMICZNY WIELOKOLOROWY","Kubek ceramiczny z wygrawerowanym metodą laserową nazwą miejscowości lub hasłem. Produkt dostępny w 6 kolorach: jasno fioletowy - niebieski, ciemno fioletowy - różowy, czarno - czerwony, czarno - ciemno niebieski, jasno niebieski - czerwony, czarno - graf",12.0000,"3","Ceramika i szkło","0",,"Warstwa 1,cut",
227,9,"DK42-037D","DŁUGOPIS BAMBUS GUMKA","Bambusowy długopis na którym można wygrawerować metodą laserową małą grafikę ze wzorem. ",3.5000,"3","Długopisy","0",,"Warstwa 1",
379,0,"DK43-053","POPIELNICZKA METAL CZARNA","Brak opisu",0.0000,"2.1","i i popielniczki","0",,"Warstwa 1,cut",
10,10,"MAGNES METAL MORSKI","MAGNES METAL MORSKI","Magnes wykonany ze szczotkowanego stopu metali z miejscem na naklejkę żywiczną. Możliwość wykonania dowolnej grafiki na naklejce oraz zatopienia w niej elementu ozdobnego. Produkt dostępny w dwóch kolorach: złoty i srebrny zapakowany 
w stylowym woreczku.",6.5000,"2","Magnesy","0",,"Warstwa 1,cut",
11,11,"MAGNES METAL KOTWICA","MAGNES METAL KOTWICA","Magnes wykonany ze szczotkowanego stopu metali z miejscem na naklejkę żywiczną. Możliwość wykonania dowolnej grafiki na naklejce oraz zatopienia w niej elementu ozdobnego. Produkt dostępny w dwóch kolorach: złoty i srebrny zapakowany 
w stylowym woreczku.",6.5000,"2","Magnesy","0",,"Warstwa 1,cut",
12,12,"MAGNES METAL RAMKA","MAGNES METAL RAMKA","Magnes wykonany ze szczotkowanego stopu metali z miejscem na naklejkę żywiczną. Możliwość wykonania dowolnej grafiki na naklejce oraz zatopienia w niej elementu ozdobnego. Produkt dostępny w dwóch kolorach: złoty i srebrny zapakowany 
w stylowym woreczku.",6.5000,"2","Magnesy","0",,"Warstwa 1,cut",
380,0,"DK43-053","POPIELNICZKA METAL GRANAT","Brak opisu",0.0000,"2.1","i i popielniczki","0",,"Warstwa 1,cut",
13,13,"MAGNES METAL TELEFON","MAGNES METAL TELEFON","Magnes wykonany z polerowanego stopu metali 
z miejscem na naklejkę żywiczną. Możliwość wykonania dowolnej grafiki na naklejce oraz zatopienie w niej elementu ozdobnego. Produkt zapakowany w stylowym woreczku.",6.5000,"2","Magnesy","0",,"Warstwa 1,cut",
381,0,"DK43-050E1E3L","TORBA PAPIEROWA E 40X32","Brak opisu",0.0000,"12","Upominki biznesowe","0",,"Warstwa 1,cut",
387,0,"DK43-018","BRELOK METAL MIŚ","Brak opisu",0.0000,"2","Breloki","0",,"Warstwa 1,cut",
14,14,"MAGNES METAL SERCE","MAGNES METAL SERCE","Magnes wykonany z polerowanego stopu metali 
z miejscem na naklejkę żywiczną. Możliwość wykonania dowolnej grafiki na naklejce oraz zatopienie w niej elementu ozdobnego. Produkt zapakowany w stylowym woreczku.",6.5000,"2","Magnesy","0",,"Warstwa 1,cut",
15,15,"MAGNES METAL STER","MAGNES METAL STER","Magnes wykonany ze szczotkowanego stopu metali z miejscem na naklejkę żywiczną. Możliwość wykonania dowolnej grafiki na naklejce oraz zatopienia w niej elementu ozdobnego. Produkt dostępny w dwóch kolorach: złoty i srebrny zapakowany 
w stylowym woreczku.",6.5000,"2","Magnesy","0",,"Warstwa 1,cut",
109,5,"PODKŁADKA KOREK","PODKŁADKA Z KORKA","Podkładka z korka pod kubek, szklankę. Wykonana z naturalnego korka o średnicy 9,5 cm i grubości 6-7 mm. Produkt zapakowany na stylowej kartce w woreczku.",3.5000,"3","Ozdoby domowe","0",,"Warstwa 1",
375,0,"DK43-004 A1","BRELOK ŻYWICA KOŁO","Brak opisu",0.0000,"2","Breloki","0",,"Warstwa 1,cut",
376,0,"DK43-004 A2","BRELOK ŻYWICA PROSTOKĄT","Brak opisu",0.0000,"2","Breloki","0",,"Warstwa 1,cut",
377,0,"DK43-004 A3","BRELOK ŻYWICA OWAL","Brak opisu",0.0000,"2","Breloki","0",,"Warstwa 1,cut",
369,0,"DK41-TORBA ECO-Z","TORBA Z KWADRAT B","Brak opisu",0.0000,"8","Tekstylia","0",,"Warstwa 1,cut",
347,0,"DK43-010","PIERSIÓWKA S2","Brak opisu",0.0000,"6","Akcesoria podróżne","0",,"Warstwa 1,cut",
348,0,"DK43-011","PIERSIÓWKA M2","Brak opisu",0.0000,"6","Akcesoria podróżne","0",,"Warstwa 1,cut",
349,0,"DK43-012","PIERSIÓWKA M1","Brak opisu",0.0000,"6","Akcesoria podróżne","0",,"Warstwa 1,cut",
350,0,"DK43-013A","KIELISZEK METAL","Brak opisu",0.0000,"6","Akcesoria podróżne","0",,"Warstwa 1,cut",
351,0,"DK43-017","OTWIERACZ METAL ROWER","Brak opisu",0.0000,"2","Otwieracze do butelek","0",,"Warstwa 1,cut",
352,0,"DK43-019","OTWIERACZ METAL KARTKA","Brak opisu",0.0000,"2","Otwieracze do butelek","0",,"Warstwa 1,cut",
353,0,"DK43-020","MAGNES PLAST KUBEK","Brak opisu",0.0000,"2","Akcesoria podróżne","0",,"Warstwa 1,cut",
355,0,"DK43-022A2","OTWIERACZ ŁYŻECZKA SERCE","Brak opisu",0.0000,"2","Otwieracze do butelek","0",,"Warstwa 1,cut",
356,0,"DK43-023","MAGNES METAL MUSZLA","Brak opisu",0.0000,"2","Magnesy","0",,"Warstwa 1,cut",
357,0,"DK43-024A","KIELISZEK PLAST SREBRO","Brak opisu",0.0000,"2","Akcesoria podróżne","0",,"Warstwa 1,cut",
358,0,"DK43-024B","KIELISZEK PLAST ZŁOTO","Brak opisu",0.0000,"2","Akcesoria podróżne","0",,"Warstwa 1,cut",
370,0,"DK41-TORBA ECO-Z","TORBA Z KWADRAT C","Brak opisu",0.0000,"4","Tekstylia","0",,"Warstwa 1,cut",
16,16,"MAGNES METAL KARTKA","MAGNES METAL KARTKA","Magnes wykonany z polerowanego stopu metali z miejscem na naklejkę żywiczną. Możliwość wykonania dowolnej grafiki na naklejce oraz zatopienie w niej elementu ozdobnego. Produkt zapakowany w stylowym woreczku.",6.5000,"2","Magnesy","0",,"Warstwa 1,cut",
373,0,"DK41-TORBA ECO-Z","TORBA Z PROSTOKĄT B","Brak opisu",0.0000,"8","Tekstylia","0",,"Warstwa 1,cut",
163,0,"DK28-011","SCYZORYK WIELOFUNKCYJNY","Scyzoryk turystyczny, metalowy, posiada 5 funkcji: nóż, otwieracz do butelek, otwieracz do puszek, korkociąg, śrubokręt Oferujemy 3 kolory: czarny, niebieski, bordowy. Produkt zapakowany w estetycznym i trwałym opakowaniu z tworzywa i kartonika.",7.0000,"6","Akcesoria podróżne","0",,"Warstwa 1",
374,0,"DK41-TORBA ECO-Z","TORBA Z PROSTOKĄT C","Brak opisu",0.0000,"4","Tekstylia","0",,"Warstwa 1,cut",
167,0,"LUSTERKO","LUSTERKO KIESZONKOWE KOŁO"," Lusterko kieszonkowe otwierane z zewnątrz pokryte materiałem. Produkt zapakowany w kartonik i wypraskę z tworzywa sztucznego.",7.0000,"2","Akcesoria podróżne","0",,"Warstwa 1",
168,0,"LUSTERKO","LUSTERKO KIESZONKOWE KWADRAT"," Lusterko kieszonkowe otwierane z zewnątrz pokryte materiałem. Produkt zapakowany w kartonik i wypraskę z tworzywa sztucznego.",7.0000,"2","Akcesoria podróżne","0",,"Warstwa 1",
169,0,"LUSTERKO","LUSTERKO KIESZONKOWE SERCE"," Lusterko kieszonkowe otwierane z zewnątrz pokryte materiałem. Produkt zapakowany w kartonik i wypraskę z tworzywa sztucznego.",7.0000,"2","Akcesoria podróżne","0",,"Warstwa 1",
17,17,"MAGNES METAL LINA","MAGNES METAL LINA","Magnes wykonany z polerowanego stopu metali 
z miejscem na naklejkę żywiczną. Możliwość wykonania dowolnej grafiki na naklejce oraz zatopienie w niej elementu ozdobnego. Produkt zapakowany w stylowym woreczku.",6.5000,"2","Magnesy","0",,"Warstwa 1,cut",
18,18,"MAGNES METAL PAPIRUS","MAGNES METAL PAPIRUS","Magnes wykonany ze szczotkowanego stopu metali z miejscem na naklejkę żywiczną. Możliwość wykonania dowolnej grafiki na naklejce oraz zatopienie w niej elementu ozdobnego. Produkt zapakowany w stylowym woreczku.",6.5000,"2","Magnesy","0",,"Warstwa 1,cut",
19,19,"MAGNES METAL TALERZYK","MAGNES METAL TALERZYK","Magnes wykonany ze szczotkowanego stopu metali z miejscem na naklejkę żywiczną. Możliwość wykonania dowolnej grafiki na naklejce oraz zatopienie w niej elementu ozdobnego. Produkt zapakowany w stylowym woreczku.",6.5000,"2","Magnesy","0",,"Warstwa 1,cut",
360,0,"DK43-042","POPIELNICZKA METAL PŁASKA","Brak opisu",0.0000,"6","Zapalniczki i popielniczki","0",,"Warstwa 1,cut",
361,0,"DK43-033A","SCYZORYK DREWNO SURVIVAL","Brak opisu",0.0000,"3","Akcesoria podróżne","0",,"Warstwa 1,cut",
362,0,"DK43-033B","MULTITOOL","Brak opisu",0.0000,"3","Akcesoria podróżne","0",,"Warstwa 1,cut",
363,0,"DK43-033C","OTWIERACZ DREWNO OWAL","Brak opisu",0.0000,"3","Otwieracze do butelek","0",,"Warstwa 1,cut",
364,0,"DK43-033D","NIEZBĘDNIK","Brak opisu",0.0000,"3","Akcesoria podróżne","0",,"Warstwa 1,cut",
365,0,"DK43-033E","SCYZORYK DREWNO MINI","Brak opisu",0.0000,"3","Akcesoria podróżne","0",,"Warstwa 1,cut",
366,0,"DK43-041","ŁYŻKA DO BUTÓW","Brak opisu",0.0000,"3","Ozdoby domowe","0",,"Warstwa 1,cut",
367,0,"PIRAMIDA SZKŁO MINI","PIRAMIDA SZKŁO MINI","Brak opisu",0.0000,"1","Upominki biznesowe","0",,"Warstwa 1,cut",
368,0,"DK43-047","KUBEK METAL MAŁY","Brak opisu",0.0000,"6","Akcesoria podróżne","0",,"Warstwa 1,cut",
20,20,"DK32-KAPSEL METAL","MAGNES METAL KAPSEL","Metalowy kapsel z magnesem o średnicy 42 mm. Grafika wykonana na zadrukowanej folia i pokryta żywicą.  Produkt zapakowany  w woreczku.",3.0000,"2","Magnesy","0",,"Warstwa 1,cut",
21,21,"MAGNES I LOVE","MAGNES METAL I LOVE","Metalowy magnes wykonany w wysokiej jakości. Sympatyczna pamiątka  i  praktyczna ozdoba. Możliwość wykonania dowolnej grafiki klienta.",4.5000,"2","Magnesy","0",,"Warstwa 1,cut",
224,53,"POLIRESING ZNAK","MAGNES POLIRESING ZNAK","Magnes wykonany z tworzywa ceramicznego posiadający miejsce na wykonanie grafiki ze wzorem. Produkt zapakowany w woreczku.",4.5000,"1.4","Magnesy","0",,"Warstwa 1",
22,22,"POLIRESING KAMIENIE","MAGNES POLIRESING KAMIENIE","Magnes wykonany z tworzywa ceramicznego posiadający miejsce na wykonanie grafiki ze wzorem. Produkt zapakowany w woreczku.",4.5000,"1.4","Magnesy","0",,"Warstwa 1",
24,24,"POLIRESING KOTWICA","MAGNES POLIRESING KOTWICA","Magnes wykonany z tworzywa ceramicznego posiadający miejsce na wykonanie grafiki ze wzorem. Produkt zapakowany w woreczku.",4.5000,"1.4","Magnesy","0",,"Warstwa 1",
25,25,"POLIRESING MUSZLA","MAGNES POLIRESING MUSZLA","Magnes wykonany z tworzywa ceramicznego posiadający miejsce na wykonanie grafiki ze wzorem. Produkt zapakowany w woreczku.",4.5000,"1.4","Magnesy","0",,"Warstwa 1",
26,26,"POLIRESING SERCE","MAGNES POLIRESING SERCE","Magnes wykonany z tworzywa ceramicznego posiadający miejsce na wykonanie grafiki ze wzorem. Produkt zapakowany w woreczku.",4.5000,"1.4","Magnesy","0",,"Warstwa 1",
27,27,"POLIRESING ŻAGLÓWKA","MAGNES POLIRESING ŻAGLÓWKA","Magnes wykonany z tworzywa ceramicznego posiadający miejsce na wykonanie grafiki ze wzorem. Produkt zapakowany w woreczku.",4.5000,"1.4","Magnesy","0",,"Warstwa 1",
28,28,"MAGNES SZKŁO","MAGNES SZKŁO KOŁO","Magnes wykonane ze szkła z nadrukowaną grafiką. Produkt zapakowany w woreczku.",4.0000,"1.1","Magnesy","0",,"Warstwa 1",
29,29,"MAGNES SZKŁO","MAGNES SZKŁO OWAL","Magnes wykonane ze szkła z nadrukowaną grafiką. Produkt zapakowany w woreczku.",4.0000,"1.1","Magnesy","0",,"Warstwa 1",
30,30,"MAGNES SZKŁO","MAGNES SZKŁO SERCE","Magnes wykonane ze szkła z nadrukowaną grafiką. Produkt zapakowany w woreczku.",4.0000,"1.1","Magnesy","0",,"Warstwa 1",
31,31,"MAGNES SZKŁO","MAGNES SZKŁO MUSZLA","Magnes wykonane ze szkła z nadrukowaną grafiką. Produkt zapakowany w woreczku.",4.0000,"1.1","Magnesy","0",,"Warstwa 1",
32,32,"MAGNES SZKŁO","MAGNES SZKŁO KOSZULKA","Magnes wykonane ze szkła z nadrukowaną grafiką. Produkt zapakowany w woreczku.",4.0000,"1.1","Magnesy","0",,"Warstwa 1",
33,33,"MAGNES SZKŁO","MAGNES SZKŁO PROSTOKĄT OBŁY","Magnes wykonane ze szkła z nadrukowaną grafiką. Produkt zapakowany w woreczku.",4.0000,"1.1","Magnesy","0",,"Warstwa 1",
34,34,"MAGNES SZKŁO","MAGNES SZKŁO PROSTOKĄT OSTRY","Magnes wykonane ze szkła z nadrukowaną grafiką. Produkt zapakowany w woreczku.",4.0000,"1.1","Magnesy","0",,"Warstwa 1",
35,35,"SKLEJKA MAZAK","MAGNES SKLEJKA MAZAK","Ozdobny magnes - kolorowanka wykonany ze sklejki. Możliwość wykonania dowolnej prostej grafiki w dowolnym kształcie. Do magnesu dołączony komplet 6 mazaków. Produkt zapakowany w woreczku.",6.0000,"5","Magnesy","0",,"Warstwa 1",
36,36,"DK38-007A","DEKORACJA ZE SKLEJKI","Ozdoba wykonana ze sklejki wyciętej laserowo. Istnieje możliwość wycięcia dowolnego kształtu 
o wymiarach max 15 cm x 12 cm oraz wypalenie grafiki na powstałym elemencie.",2.5000,"5%3","Magnesy","0",,"Warstwa 1",
37,37,"SKLEJKA SZKŁO","MAGNES SKLEJKA SZKŁO","Ozdobny magnes wykonany ze sklejki z doklejonym szklanym elementem. Możliwość wykonania dowolnej prostej grafiki w dowolnym kształcie na sklejce i dowolnej grafiki na szklanym elemencie. Produkt zapakowany w woreczku.",6.5000,"5.1","Magnesy","0",,"Warstwa 1",
38,38,"DK38-007B","MAGNES ECO KOŁO","Magnes wykonany z drewna z wypaloną grafiką. Możliwość wykonania dowolnej prostej grafiki.",3.0000,"3","Magnesy","0",,"Warstwa 1",
39,39,"DK38-007C","MAGNES ECO OWAL","Magnes wykonany z drewna z wypaloną grafiką. Możliwość wykonania dowolnej prostej grafiki.",3.0000,"3","Magnesy","0",,"Warstwa 1",
40,40,"MAGNES ŻYWICA-1","MAGNES ŻYWICA TOREBKA","Żywicowany magnes o wysokiej wartości estetycznej. Elegancka pamiątka okolicznościowa zapakowana 
w stylowym woreczku. Możliwość wykonania na produkcie grafiki klienta.",5.0000,"2","Magnesy","0",,"Warstwa 1,cut",
41,41,"MAGNES ŻYWICA-2","MAGNES ŻYWICA PROSTOKĄT","Żywicowany magnes o wysokiej wartości estetycznej. Elegancka pamiątka okolicznościowa zapakowana 
w stylowym woreczku. Możliwość wykonania na produkcie grafiki klienta.",4.5000,"2","Magnesy","0",,"Warstwa 1,cut",
42,42,"MAGNES ŻYWICA IMIĘ","MAGNES ŻYWICA IMIĘ","Żywicowany magnes o wysokiej wartości estetycznej. Elegancka pamiątka okolicznościowa zapakowana w stylowym woreczku. Możliwość wykonania na produkcie grafiki klienta. Planowane 6 oryginalnych wzorów ze zdjęciem miejscowości i imieniem.",5.0000,"2","Magnesy","0",,"Warstwa 1,cut,imiona,miejscowości",
43,43,"MAGNES","MAGNES PROSTOKĄT PAPIEROWY","Prosty i elegancki magnes upominkowy wykonany ze specjalistycznego papieru. Możliwe wykonanie dowolnej grafiki na elemencie.",3.0000,"999","Magnesy","0",,"Warstwa 1",
44,44,"MAGNES OBRAZ","MAGNES OBRAZ","Miniaturowy obraz będący jednocześnie magnesem. Stanowi estetyczną i praktyczną pamiątkę z możliwością umieszczenia dowolnej grafiki klienta. ",4.5000,"1.3","Magnesy","0",,"Warstwa 1",
45,45,"MAGNES 3D","MAGNES PIANKA","Magnesy wykonane z wytłaczanej pianki. Każdy magnes posiada miejsce na wykonanie grafiki ze wzorem. Produkt zapakowany w woreczku.",3.5000,"1.2","Magnesy","0",,"Warstwa 1",
47,47,"DK41-077B","ZŁOTA RYBKA","Magnes wykonany z tworzywa ceramicznego posiadający miejsce na wykonanie grafiki ze wzorem. Produkt zapakowany w woreczku.",4.0000,"2","Magnesy","0",,"Warstwa 1,cut",
48,48,"DK41-077A","MAGNES NÓŻKI","Magnes wykonany z tworzywa ceramicznego posiadający miejsce na wykonanie grafiki ze wzorem. Produkt zapakowany w woreczku.",5.0000,"2","Magnesy","0",,"Warstwa 1,cut",
49,49,"MAGNES MDF","MAGNES MDF","Drewniany magnes posiadający miejsce na wykonanie grafiki ze wzorem. Produkt w woreczku.",3.5000,"5.1","Magnesy","0",,"Warstwa 1",
50,50,"MAGNES MDF IMIĘ","MAGNES MDF IMIĘ","Drewniany magnes posiadający miejsce na wykonanie grafiki ze wzorem. Produkt w woreczku.",5.0000,"5.1","Magnesy","0",,"Warstwa 1",
52,52,"MAGNES FOLIA","MAGNES FOLIA","Barwny magnes wykonany w technologii full color. Posiada miejsce na wykonanie grafiki ze wzorem. Ciekawa i elegancka pamiątka. ",2.5000,"11","Magnesy","0",,"Warstwa 1,cut",
55,2,"DK18-014","BRELOK METALOWY GRAWEROWANY","Brelok metalowy z wygrawerowanym metodą laserową imieniem, znakiem zodiaku lub grupa krwi. Kolory breloków : czerwony, czarny. Produkt zapakowany na stylowej kartce w woreczku.",4.5000,"6","Breloki","0",,"Warstwa 1",
56,3,"DK28-016A","BRELOK METALOWY Z DŻETAMI","Brelok metalowy z dżetami z wygrawerowanym metodą laserową imieniem. Oferujemy brelok  w kształcie serca. Produkt zapakowany na stylowej kartce w woreczku.",5.0000,"6","Breloki","0",,"Warstwa 1",
58,5,"DK41-031C","BRELOK OBCINACZKI OTWIERACZ","Brelok, otwieracz i obcinaczki do paznokci w jednym. Metalowe i solidne wykonanie. Na zewnątrz posiada miejsce wypełnione żywicą/logo. Produkt zapakowany w woreczek.",5.0000,"2","Breloki","0",,"Warstwa 1,cut",
63,10,"DK29-054D","BRELOK OTWIERACZ ALUMINIOWY","Kolorowy brelok z funkcją otwieracza wykonany 
z aluminium. Lekki produkt dostępny w 6 kolorach, możliwe wykonanie graweru.",3.0000,"6","Breloki","0",,"Warstwa 1",
64,11,"BR OTWIERACZ 1","BRELOK OTWIERACZ METAL BUTELKA 1","Brelok metalowy w formie butelki z funkcją otwieracza na odwrocie. Logo wykonane na zadrukowanej folii 
i pokryte żywicą. Oferujemy 3 modele. Produkt zapakowany na stylowej kartce w woreczku.",6.0000,"2","Breloki","0",,"Warstwa 1,cut",
66,13,"BRELOK OTWIERACZ-3","BRELOK OTWIERACZ METAL KAPSEL","Brelok  z funkcją otwieracza do butelek w kształcie kapsla. Produkt wykonany ze stopu metali z miejscem na naklejkę żywiczną. Możliwość wykonania dowolnej grafiki na naklejce. Produkt zapakowany w woreczek i karteczkę",5.0000,"2","Breloki","0",,"Warstwa 1,cut",
67,14,"BRELOK OTWIERACZ-2","BRELOK OTWIERACZ METAL STOPA","Brelok  z funkcją otwieracza do butelek w kształcie stopy. Produkt wykonany ze stopu metali z miejscem na naklejkę żywiczną. Możliwość wykonania dowolnej grafiki na naklejce. Produkt zapakowany w woreczek i karteczkę",5.0000,"2","Breloki","0",,"Warstwa 1,cut",
68,15,"DK41-031D","BRELOK OTWIERACZ SCYZORYK","Metalowy brelok ze scyzorykiem, otwieraczem do butelek i korkociągiem. Na zewnątrz posiada miejsce wypełnione żywicą/logo. Możliwe wykonanie dowolnej grafiki ze wzorem. Produkt zapakowany w woreczku.",5.0000,"2","Breloki","0",,"Warstwa 1,cut",
69,16,"BR OTWIERACZ 2","BRELOK OTWIERACZ SZKŁO","Okrągły otwieracz na którym możliwe jest wykonanie grafiki ze wzorem wykonanym na szklanym elemencie. Produkt zapakowany w woreczku ze stylową karteczką.",6.0000,"1.1","Breloki","0",,"Warstwa 1",
70,17,"BRELOK METAL KARTKA","BRELOK POTRÓJNY KARTKA","Brelok metalowy wykonany z polerowanej stali złożony z 3 elementów ozdobionych naklejką żywiczną. Produkt zapakowany na stylowej kartce w woreczku.",5.0000,"2","Breloki","0",,"Warstwa 1,cut",
71,18,"BRELOK METAL SERCE","BRELOK POTRÓJNY SERCE","Brelok metalowy wykonany z polerowanej stali złożony z 3 elementów ozdobionych naklejką żywiczną. Produkt zapakowany na stylowej kartce w woreczku.",5.0000,"2","Breloki","0",,"Warstwa 1,cut",
72,19,"DK30-BRELOK SERCE","BRELOK SERCE AKRYL","Brelok z akrylu w kształcie serca z imieniem dziewczynki. Produkt dostępny w 3 kolorach, zapakowany na stylowej kartce w woreczku.",5.0000,"1.2","Breloki","0",,"biały, kolor",
73,20,"DK29-054E","BRELOK SILIKONOWY","Brelok wykonany z elastycznego silikonu z miejscem na grawer. Produkt dostępny w 6 kolorach.",2.5000,"6","Breloki","0",,"Warstwa 1",
74,21,"BRELOK SZKŁO","BRELOK SZKŁO KOŁO","Brelok metalowy wykonany z polerowanej stali 
z grafiką w szklanym elemencie, produkt zapakowany na stylowej kartce w woreczku.",4.0000,"1.1","Breloki","0",,"Warstwa 1",
75,22,"BRELOK SZKŁO","BRELOK SZKŁO KOTWICA","Brelok metalowy wykonany z polerowanej stali 
z grafiką w szklanym elemencie, produkt zapakowany na stylowej kartce w woreczku.",4.0000,"1.1","Breloki","0",,"Warstwa 1",
76,23,"BRELOK SZKŁO","BRELOK SZKŁO STER","Brelok metalowy wykonany z polerowanej stali 
z grafiką w szklanym elemencie, produkt zapakowany na stylowej kartce w woreczku.",4.0000,"1.1","Breloki","0",,"Warstwa 1",
77,24,"BRELOK TABLICA","BRELOK TABLICA","Prostokątny, metalowy brelok z możliwością wklejenia za żywicowanej grafiki. Możliwość wykonania produktu z dowolną grafiką klienta.",5.0000,"2","Breloki","0",,"Warstwa 1,cut",
78,25,"BRELOK TAŚMA","BRELOK TAŚMA","Brelok w formie elastycznej tasiemki z poliestru z metalowym zapięciem. Idealny przedmiot do plecaka, torby podróżnej,  kluczy lub jako wykończenie zamka błyskawicznego kurtki. Brelok posiada nadrukowane elementy z imieniem, hasłem,  grafiką lub nazwą mie",4.5000,"4","Breloki","0",,"Warstwa 1",
80,1,"KORKOCIĄG-1","KORKOCIĄG BUTELKA","Plastikowy korkociąg w kształcie butelki z winem. Możliwe wykonanie dowolnej grafiki ze wzorem. Produkt zapakowany w stylowym woreczku.",6.0000,"2.1","Otwieracze do butelek","0",,"Warstwa 1,cut",
81,2,"KORKOCIĄG-2","KORKOCIĄG OTWIERACZ","Plastikowy korkociąg  z otwieraczem do butelek. Możliwe wykonanie dowolnej grafiki ze wzorem. Produkt zapakowany w stylowym woreczku.",7.0000,"2.1","Otwieracze do butelek","0",,"Warstwa 1,cut",
82,3,"MAGNES OTWIERACZ","MAGNES OTWIERACZ BUTELKA","Otwieracz w formie butelki stylizowanej na butelkę alkoholu, dodatkowo posiada magnes. Oferujemy 8 wzorów butelek. Produkt zapakowany w woreczek i karteczkę",5.5000,"2.1","Otwieracze do butelek","0",,"Warstwa 1,cut",
83,4,"DK32-KAPSEL CHROM","OTWIERACZ KAPSEL CHROM","Otwieracz i zatyczka do butelek w kształcie kapsla z funkcją magnesu na lodówkę. Wykonany z wysokiej jakości tworzywa sztucznego, pokryty powłoką imitującą chrom. ",6.5000,"1.5","Otwieracze do butelek","0",,"Warstwa 1,cut",
84,5,"CHROM-ŻYWICA","OTWIERACZ KAPSEL CHROM","Otwieracz i zatyczka do butelek w kształcie kapsla z funkcją magnesu na lodówkę. Wykonany z wysokiej jakości tworzywa sztucznego, pokryty powłoką imitującą chrom.",7.5000,"2","Otwieracze do butelek","0",,"Warstwa 1,cut",
86,7,"OTWIERACZ KOSZULKA","OTWIERACZ METAL KOSZULKA","Otwieracz do butelek posiadający magnes. Produkt wykonany ze stopu metali z miejscem na naklejkę żywiczną. Możliwość wykonania dowolnej grafiki na naklejce oraz zatopienie w niej elementu ozdobnego. Produkt zapakowany w woreczek.",6.0000,"2","Otwieracze do butelek","0",,"Warstwa 1,cut",
87,8,"OTWIERACZ KOTWICA","OTWIERACZ METAL KOTWICA","Otwieracz do butelek posiadający magnes. Produkt wykonany ze stopu metali z miejscem na naklejkę żywiczną. Możliwość wykonania dowolnej grafiki na naklejce oraz zatopienie w niej elementu ozdobnego. Produkt zapakowany w woreczek.",6.0000,"2","Otwieracze do butelek","0",,"Warstwa 1,cut",
88,9,"OTWIERACZ METAL MOSIĄDZ","OTWIERACZ METAL MOSIĄDZ","Otwieracz do butelek posiadający magnes. Produkt wykonany ze stopu metali z miejscem na naklejkę żywiczną. Możliwość wykonania dowolnej grafiki na naklejce oraz zatopienie w niej elementu ozdobnego. Produkt zapakowany w woreczek.",6.0000,"2","Otwieracze do butelek","0",,"Warstwa 1,cut",
89,10,"OTWIERACZ OWAL","OTWIERACZ METAL OWAL","Otwieracz do butelek posiadający magnes. Produkt wykonany ze stopu metali z miejscem na naklejkę żywiczną. Możliwość wykonania dowolnej grafiki na naklejce oraz zatopienie w niej elementu ozdobnego. Produkt zapakowany w woreczek.",6.0000,"2","Otwieracze do butelek","0",,"Warstwa 1,cut",
90,11,"OTWIERACZ STER","OTWIERACZ METAL STER","Otwieracz do butelek posiadający magnes. Produkt wykonany ze stopu metali z miejscem na naklejkę żywiczną. Możliwość wykonania dowolnej grafiki na naklejce oraz zatopienie w niej elementu ozdobnego. Produkt zapakowany w woreczek.",6.0000,"2","Otwieracze do butelek","0",,"Warstwa 1,cut",
91,12,"OTWIERACZ PLAST","OTWIERACZ PLAST KOŁO","Otwieracz do butelek posiadający magnes. Produkt wykonany z plastiku, możliwe jest nadrukowanie dowolnej grafiki.",4.0000,"1.4","Otwieracze do butelek","0",,"Warstwa 1",
92,13,"OTWIERACZ ŻYWICA","OTWIERACZ PLAST KOŁO ŻYWICA","Otwieracz do butelek posiadający magnes. Produkt wykonany z plastiku, możliwe jest nadrukowanie dowolnej grafiki.",5.0000,"2","Otwieracze do butelek","0",,"Warstwa 1,cut",
93,14,"OTWIERACZ PLAST","OTWIERACZ PLAST OWAL","Otwieracz do butelek posiadający magnes. Produkt wykonany z plastiku, możliwe jest nadrukowanie dowolnej grafiki.",4.0000,"1.4","Otwieracze do butelek","0",,"Warstwa 1",
94,15,"OTWIERACZ ŻYWICA","OTWIERACZ PLAST OWAL ŻYWICA","Otwieracz do butelek posiadający magnes. Produkt wykonany z plastiku, możliwe jest nadrukowanie dowolnej grafiki.",5.0000,"2","Otwieracze do butelek","0",,"Warstwa 1,cut",
95,16,"OTWIERACZ PLAST","OTWIERACZ PLAST PROSTOKĄT","Otwieracz do butelek w kształcie prostokąta posiadający magnes. Produkt wykonany z plastiku, możliwe jest nadrukowanie dowolnej grafiki.",4.0000,"1.4","Otwieracze do butelek","0",,"Warstwa 1",
96,17,"OTWIERACZ ŻYWICA","OTWIERACZ PLAST PROSTOKĄT ŻYWICA","Otwieracz do butelek w kształcie prostokąta posiadający magnes. Produkt wykonany z plastiku, możliwe jest nadrukowanie dowolnej grafiki.",5.0000,"2","Otwieracze do butelek","0",,"Warstwa 1,cut",
129,0,"BRANSOLETKA SZKŁO","BRANSOLETKA SZKŁO IMIĘ 1","Bransoletka wykonana ze skóry, sznurka i elementów metalowych oraz szklanego elementu na którym wykonano grafikę. Produkt zapakowany na stylowej kartce w woreczku.",4.0000,"1.1","Bransoletki","0",,"Warstwa 1",
130,0,"BRANSOLETKA SZKŁO","BRANSOLETKA SZKŁO IMIĘ 2","Bransoletka wykonana ze skóry, sznurka i elementów metalowych oraz szklanego elementu na którym wykonano grafikę. Produkt zapakowany na stylowej kartce w woreczku.",4.0000,"1.1","Bransoletki","0",,"Warstwa 1",
131,0,"DK32-SZNUREK","BRANSOLETKA SZNURKOWA","Bransoletka wykonana z miękkiego kolorowego sznurka z plastikowym elementem do graweru. Oferujemy 6 modnych kolorów po 3 dla dziewczynki i chłopca. Produkt zapakowany na stylowej kartce w woreczku.",3.5000,"3","Bransoletki","0",,"Warstwa 1",
133,0,"CHUSTA MULTI","CHUSTA WIELOFUNKCYJNA IMIENNA","Chusty wielofunkcyjna w formie komina z możliwością wykonania dowolnej grafiki. Brak niewygodnych szwów, wykonana z elastycznego poliestru. Idealna na codzienne spacery, oraz aktywnego spędzania czasu, dla dorosłych jak i dzieci.(WERSJA Z IMIONAMI DZIECI)",5.0000,"8","Tekstylia","0",,"Warstwa 1",
134,0,"CHUSTA MULTI","CHUSTA WIELOFUNKCYJNA Z APLIKACJĄ","Chusty wielofunkcyjna w formie komina z możliwością wykonania dowolnej grafiki. Brak niewygodnych szwów, wykonana z elastycznego poliestru. Idealna na codzienne spacery, oraz aktywnego spędzania czasu, dla dorosłych jak i dzieci.",5.0000,"8","Tekstylia","0",,"Warstwa 1",
135,0,"DK41-ECO PORTFEL 1","PORTFEL ETUI 1","Portfel/etui z zamkiem wykonany z bawełny wymiar 7,5 x 11 cm, dostępne kolory czarny 
i naturalany""eco"",dodatkowo zawieszka, nadruk pełny kolor 1 stronny wliczony w cenę.",4.5000,"4","Tekstylia","0",,"Warstwa 1",
136,0,"DK41-ECO PORTFEL 1","PORTFEL ETUI 2","Portfel / etui z zamkiem wykonany z bawełny, wymiar 9,5  x 18 cm. Produkt dostępny w 2 kolorach: czarny i naturalny ""eco"", dodatkowo zawieszka. Możliwe wykonanie nadruku w pełnym kolorze wierzchniej strony wliczone w cenę.",5.0000,"4","Tekstylia","0",,"Warstwa 1",
137,0,"DK30-046CD (POSZEWKA)

DK30-046E (WSAD)","POSZEWKA MARYNISTYCZNA","Poduszka (wsad i poszewka), produkt dostępny 
w wielu wzorach z motywem morskim. Produkt zapakowany w woreczku.",,"7","Tekstylia","0",,"Warstwa 1",
139,0,"SKARPETA D","SKARPETA DUŻA","Skarpetki - stopki dla młodzieży i dorosłych, wykonane z bawełny i domieszki poliestru. W regularnej ofercie posiadamy 240 wzorów. Wzory zostały opracowane przez naszych grafików pod kątem najnowszych trendów i oczekiwań rynkowych. Każda sztuka zapakowana",5.5000,"8","Tekstylia","0",,"Warstwa 1",
140,0,"SKARPETA M","SKARPETA MAŁA","Skarpetki - stopki dla dzieci, wykonane z bawełny 
i domieszki poliestru. Dla dziewczynek i chłopców po 3 wzory. Każda para skarpetek poza oryginalnym wzorem posiada dodatkowo imię. Każda sztuka zapakowana na kartoniku w woreczek foliowy.",5.5000,"8","Tekstylia","0",,"Warstwa 1",
141,0,"OP BUTELKA 3 - BAWEŁNA","OPAKOWANIE NA BUTELKĘ BAWEŁNIANE","Opakowanie prezentowe na butelkę, produkt  dostępny w wielu wzorach pasujących na różnorodne okazje. Produkt wykonany z bawełny z aplikacją.",5.0000,"4","Tekstylia","0",,"Warstwa 1",
142,0,"OP BUTELKA 2 - LEN","OPAKOWANIE NA BUTELKĘ LNIANE","Opakowanie prezentowe na butelkę, produkt  dostępny w wielu wzorach pasujących na różnorodne okazje. Produkt wykonany z lnu z aplikacją.",4.5000,"4","Tekstylia","0",,"Warstwa 1",
143,0,"OP BUTELKA 1 - ORGANZA","OPAKOWANIE NA BUTELKĘ Z ORGANZY","Opakowanie prezentowe na butelkę, produkt  dostępny w wielu wzorach pasujących na różnorodne okazje. Produkt wykonany z organzy z aplikacją, dostępny w 4 kolorach.",3.5000,"4","Tekstylia","0",,"Warstwa 1",
145,0,"DK41-078AB (POSZEWKA)

DK30-046B (WSAD)","POSZEWKA MAŁA SUB","Poduszka (wsad i poszewka), produkt dostępny 
w wielu wzorach z motywem morskim. Produkt zapakowany w woreczku.",12.0000,"8","Tekstylia","0",,"Warstwa 1",
147,0,"RAMKA FOTO","RAMKA DUŻA 1","Ramka do zdjęć o wymiarze zdjęcia 10 x 15 cm, możliwość ustawienia w pionie lub poziomie. Zadruk ramki oraz pola pod wypełnienie żywicą. Dostępne około 10 wzorów, lub wg. wzoru klienta. Ramka wykonana z Materiału drewnopochodnego MDF.",12.0000,"1.6","Ramki do zdjęć i termometry","0",,"Warstwa 1",
148,0,"RAMKA FOTO","RAMKA DUŻA 2","Ramka do zdjęć o wymiarze zdjęcia 10 x 15 cm, możliwość ustawienia w pionie lub poziomie. Zadruk ramki oraz pola pod wypełnienie żywicą. Dostępne około 10 wzorów, lub wg. wzoru klienta. Ramka wykonana z Materiału drewnopochodnego MDF.",12.0000,"2","Ramki do zdjęć i termometry","0",,"Warstwa 1,cut",
149,0,"RAMKA FOTO","RAMKA DUŻA 3","Ramka do zdjęć o wymiarze zdjęcia 10 x 15 cm, możliwość ustawienia w pionie lub poziomie. Zadruk ramki oraz pola pod wypełnienie żywicą. Dostępne około 10 wzorów, lub wg. wzoru klienta. Ramka wykonana z Materiału drewnopochodnego MDF.",12.0000,"2","Ramki do zdjęć i termometry","0",,"Warstwa 1,cut",
150,0,"RAMKA FOTO","RAMKA DUŻA 4","Ramka do zdjęć o wymiarze zdjęcia 10 x 15 cm, możliwość ustawienia w pionie lub poziomie. Zadruk ramki oraz pola pod wypełnienie żywicą. Dostępne około 10 wzorów, lub wg. wzoru klienta. Ramka wykonana z Materiału drewnopochodnego MDF.",12.0000,"1.6","Ramki do zdjęć i termometry","0",,"Warstwa 1",
151,0,"RAMKA FOTO","RAMKA MAŁA 1","Ramka do zdjęć o wymiarze zdjęcia 9 x 13 cm, możliwość ustawienia w pionie lub poziomie. Zadruk ramki oraz pola pod wypełnienie żywicą. Dostępne około 10 wzorów, lub wg. wzoru klienta. Ramka wykonana z Materiału drewnopochodnego MDF.",12.0000,"1.6","Ramki do zdjęć i termometry","0",,"Warstwa 1",
152,0,"RAMKA FOTO","RAMKA MAŁA 2","Ramka do zdjęć o wymiarze zdjęcia 9 x 13 cm, możliwość ustawienia w pionie lub poziomie. Zadruk ramki oraz pola pod wypełnienie żywicą. Dostępne około 10 wzorów, lub wg. wzoru klienta. Ramka wykonana z Materiału drewnopochodnego MDF.",12.0000,"2","Ramki do zdjęć i termometry","0",,"Warstwa 1,cut",
153,0,"RAMKA FOTO","RAMKA MAŁA 3","Ramka do zdjęć o wymiarze zdjęcia 9 x 13 cm, możliwość ustawienia w pionie lub poziomie. Zadruk ramki oraz pola pod wypełnienie żywicą. Dostępne około 10 wzorów, lub wg. wzoru klienta. Ramka wykonana z Materiału drewnopochodnego MDF.",12.0000,"2","Ramki do zdjęć i termometry","0",,"Warstwa 1,cut",
154,0,"RAMKA FOTO","RAMKA MAŁA 4","Ramka do zdjęć o wymiarze zdjęcia 9 x 13 cm, możliwość ustawienia w pionie lub poziomie. Zadruk ramki oraz pola pod wypełnienie żywicą. Dostępne około 10 wzorów, lub wg. wzoru klienta. Ramka wykonana z Materiału drewnopochodnego MDF.",12.0000,"1.6","Ramki do zdjęć i termometry","0",,"Warstwa 1",
155,0,"DK41-TERMOMETR","TERMOMETR MDF","Termometr wykonany z drewna dostępny w wielu ciekawych wzorach. Spora skala ułatwia odczytanie temperatury.",8.0000,"1.6","Ramki do zdjęć i termometry","0",,"Warstwa 1",
157,0,"ETUI OKULARY","ETUI NA OKULARY","Kolorowe etui na okulary wykonane z twardego materiału. Możliwość nadrukowania dowolnej grafiki na wierzchniej stronie pokrowca.",8.5000,"1.7","Akcesoria podróżne","0",,"Warstwa 1",
158,0,"DK39-017A1","KŁÓDKA DUŻA","Pamiątkowa kłódeczka z miejscem na wykonanie grafiki. Możliwe wykonanie dowolnej grafiki, wymiar 33mm.",6.0000,"1.7","Akcesoria podróżne","0",,"Warstwa 1",
159,0,"DK31-004A","PORTFEL PUSZKA","Niewielki jednokomorowy portfel wykonany 
z twardego materiału. Praktyczna pamiątka z miejscem na grawer z prostą grafiką.",3.5000,"6","Akcesoria podróżne","0",,"Warstwa 1",
160,0,"DK32-PORTFEL","PORTFEL SPORTOWY","Portfele wykonane z wodoodpornego materiału i wysokiej jakość nadruku typu „hot sticker”. Każdy portfel posiada sznurek umożliwiający zamocowanie do szlufki  spodni lub na szyi, praktyczne 2 kieszenie na zamek do przechowywania banknotów oraz monet. Oferu",7.5000,"4","Akcesoria podróżne","0",,"Warstwa 1",
161,0,"DK41-031B KOŁO","PUDEŁKO NA LEKI KOŁO","Pudełko kieszonkowe zawierające przegródki wewnętrzne na leki. Pudełko na zewnątrz posiada miejsce wypełnione żywicą/logo. Produkt zapakowany w woreczek.",7.0000,"2","Akcesoria podróżne","0",,"Warstwa 1,cut",
162,0,"DK41-031B","PUDEŁKO NA LEKI PROSTOKĄT","Pudełko kieszonkowe zawierające przegródki wewnętrzne na leki. Pudełko na zewnątrz posiada miejsce wypełnione żywicą/logo. Produkt zapakowany w woreczek.",7.0000,"2","Akcesoria podróżne","0",,"Warstwa 1,cut",
164,0,"DK41-SCYZORYK","SCYZORYK WIELOFUNKCYJNY XL","Scyzoryk turystyczny, metalowy, posiada 11 funkcji. Oferujemy 3 kolory: czarny, niebieski, bordowy. Produkt zapakowany w estetycznym i trwałym opakowaniu z tworzywa i kartonika.",10.0000,"6","Akcesoria podróżne","0",,"Warstwa 1",
165,0,"DK39-EKO5","ZAWIESZKA DO WALIZKI ECO","Praktyczna i funkcjonalna pamiątka z grawerem wykonanym laserowo. Skutecznie pomaga w oznakowaniu bagażu w każdej podróży. Dostępne kolory:  Czarny ze srebrnym grawerem, Brązowy z czarnym grawerem i Beżowy z czarnym grawerem. Brak możliwości zmiany koloru",7.5000,"3","Akcesoria podróżne","0",,"Warstwa 1",
166,0,"ZAW WALIZKA","ZAWIESZKA DO WALIZKI PLASTIK","Praktyczna i funkcjonalna pamiątka z możliwością wykonania dowolnej grafiki.  Skutecznie pomaga w oznakowaniu bagażu w każdej podróży.",4.0000,"1.7","Akcesoria podróżne","0",,"Warstwa 1",
170,0,"DK41-031A SERCE","LUSTERKO METAL SERCE","Lusterko kieszonkowe oferowane w 3 kształtach: serce, owal, kwadrat. Lusterko metalowe z zewnątrz miejsce wypełnione żywicą/logo. Produkt zapakowany w woreczek.",7.5000,"2","Akcesoria podróżne","0",,"Warstwa 1,cut",
171,0,"DK41-031A KWADRAT","LUSTERKO METAL KWADRAT","Lusterko kieszonkowe oferowane w 3 kształtach: serce, owal, kwadrat. Lusterko metalowe z zewnątrz miejsce wypełnione żywicą/logo. Produkt zapakowany w woreczek.",7.5000,"2","Akcesoria podróżne","0",,"Warstwa 1,cut",
172,0,"DK41-031A OWAL","LUSTERKO METAL OWAL","Lusterko kieszonkowe oferowane w 3 kształtach: serce, owal, kwadrat. Lusterko metalowe z zewnątrz miejsce wypełnione żywicą/logo. Produkt zapakowany w woreczek.",7.5000,"2","Akcesoria podróżne","0",,"Warstwa 1,cut",
173,0,"WACHLARZ DREWNO","WACHLARZ DREWNO","Wachlarz wykonany z cienkiej sklejki. Możliwe jest wykonanie graweru laserowego z prostą grafiką.",6.0000,"3","Akcesoria podróżne","0",,"Warstwa 1",
174,0,"DK41-BIDON SZKŁO","BIDON SZKLANY","Szklana butelka 500ml z pokrowcem. Pokrowiec z neoprenu zapewnia komfort w przypadku bardzo zimnych napojów oraz wygodny chwyt. Bezpieczna zakrętka z uszczelką silikonową zapobiega wyciekaniu napoju. Na każdym pokrowcu znajduję się wysokiej jakości, nowoc",7.5000,"4","Akcesoria podróżne","0",,"Warstwa 1",
176,0,"GRA LABIRYNT","GRA ZRĘCZNOŚCIOWA","Gra zręcznościowa przeznaczona dla dzieci wykonana
 z plastiku i metalowych elementów. Możliwe wykonanie dowolnej grafiki pod labiryntem.",4.5000,"2.1","Dziecięce","0",,"Warstwa 1,cut",
177,0,"LINIJKA","LINIJKA PUZZLE","Linijka z tworzywa sztucznego na której możliwe jest wykonanie grafiki ze wzorem. Linijka wmontowane ma także puzzle stanowiące przyjemną rozrywkę. Produkt zapakowany w stylowym woreczku. Długość linijki to 15,5 cm.",4.5000,"1.8","Dziecięce","0",,"Warstwa 1",
178,0,"NAKLEJKI CG","NAKLEJKI CG","Kolorowe naklejki dla dzieci z możliwością wykonania dowolnej grafiki. Prosty sposób na oznaczenie 
i upiększenie przedmiotów codziennego użytku. Produkt zapakowany w stylowy woreczek. ",3.0000,"2.1","Dziecięce","0",,"Warstwa 1,cut",
179,0,"DK30-NASZYJNIK SERCE","NASZYJNIK AKRYL SERCE","Naszyjnik z akrylu w kształcie serca z imieniem dziewczynki, dostępne w 3 kolorach. Produkt zapakowany na stylowej kartce w woreczku.",4.5000,"1.2","Dziecięce","0",,"biały, kolor",
180,0,"DK27-063A","NIEŚMIERTELNIK NA ŁAŃCUSZKU","Naszyjnik nieśmiertelnik wykonany ze stali nierdzewnej z imieniem chłopięcym. Oferujemy 60 imion chłopięcych 
i znaki zodiaku, możliwe wykonanie dowolnego graweru. Produkt zapakowany na stylowej kartce w woreczku.",3.5000,"6","Dziecięce","0",,"Warstwa 1",
181,0,"SKARBONKA MDF","SKARBONKA MDF","Skarbonka w formie kostki o wymiarach 9 x 9 cm, wykonana z płyty MDF, możliwy dowolny zadruk wg wzoru klienta. Posiadamy 56 wzorów ze śmiesznymi hasłami.",9.5000,"1.8","Dziecięce","0",,"Warstwa 1",
182,0,"MAGNES PUZZLE","UKŁADANKA PUZZLE","Wysokiej jakości układanka z tworzywa sztucznego na której możliwe jest wykonanie grafiki ze wzorem. Produkt zapakowany w stylowym woreczku. Wymiar 75 x75 mm.",4.5000,"1.8","Dziecięce","0",,"Warstwa 1",
184,0,"AUTO ZAPACH","ZAPACH DO SAMOCHODU"," Woreczek z materiału organzy z granulkami polimerowymi nasączonymi w perfumach. Kompozycji 6 zapachów: Black, Ocean, New Car, Truskawka, Wanilia i Guma Balonowa. Każdy zapach został zapakowany w foliowy szczelnie zgrzany woreczek barierowy zabezpieczając",4.5000,"7","Do auta","0",,"Warstwa 1",
185,0,"ZAWIESZKA AUTO","ZAWIESZKA DREWNIANA","Zawieszka wykonana z drewna. Naniesione grafiki drukiem UV z obu stron, będą efektowną ozdobą każdego samochodu. Nasz produkt to 6 kształtów, każda sztuka zapakowana na kartoniku.",4.5000,"1.3","Do auta","0",,"Warstwa 1",
187,1,"POPIELNICZKA-3","POPIELNICZKA CERAMICZNA","Popielniczki w kształcie otwartej paczki papierosów wykonane z białej ceramiki. Ciekawy przedmiot użytkowy z możliwością wykonania dowolnej grafiki na frontowej części produktu.",8.0000,"1.2","Zapalniczki i popielniczki","0",,"Warstwa 1",
188,2,"POPIELNICZKA -2","POPIELNICZKA KWADRAT","Kwadratowa popielniczka wykonana z grubego szkła posiadająca grafikę nadrukowaną na podstawie. Możliwe wykonanie dowolnej grafiki.",8.0000,"1.1","Zapalniczki i popielniczki","0",,"Warstwa 1",
189,3,"POPIELNICZKA -1","POPIELNICZKA OKRĄGŁA","Okrągła popielniczka wykonana z grubego szkła posiadająca grafikę nadrukowaną na podstawie. Możliwe wykonanie dowolnej grafiki.",8.0000,"1.1","Zapalniczki i popielniczki","0",,"Warstwa 1",
190,4,"DK29-039","ZAPALNICZKA BENZYNOWA","Otwierana zapalniczka benzynowa do napełniania benzyną. Zdobienie na produkcie stylizowane na motyw retro z imieniem męskim. Produkt zapakowany w profilowanym opakowaniu i kartce.",10.0000,"6","Zapalniczki i popielniczki","0",,"Warstwa 1",
191,6,"DK29-039 ŻYWICA","ZAPALNICZKA BENZYNOWA ŻYWICA","Otwierana zapalniczka benzynowa do napełniania benzyną. Zdobienie na produkcie stylizowane na motyw retro z imieniem męskim. Produkt zapakowany w profilowanym opakowaniu i kartce.",12.0000,"2","Zapalniczki i popielniczki","0",,"Warstwa 1,cut",
192,7,"ZAPALNICZKA JET (KOLOR)","ZAPALNICZKA GAZOWA DUŻA","Zapalniczka gazowa z żarowym płomieniem 
z możliwością wielokrotnego napełnienia. Zapalniczka występuje w 4 kolorach. Produkt zapakowany 
w kartonik i wypraskę z tworzywa sztucznego.",9.5000,"1.5","Zapalniczki i popielniczki","0",,"Warstwa 1",
193,8,"ZAPALNICZKA MAŁA","ZAPALNICZKA GAZOWA MAŁA","Zapalniczka gazowa z żarowym płomieniem 
z możliwością wielokrotnego napełnienia. Zapalniczka występuje w 4 kolorach. Produkt zapakowany 
w kartonik i wypraskę z tworzywa sztucznego.",4.5000,"1.5","Zapalniczki i popielniczki","0",,"Warstwa 1",
194,9,"ZAPALNICZKA PŁOMIEŃ","ZAPALNICZKA GAZOWA PŁOMIEŃ","Zapalniczka gazowa z możliwością wielokrotnego napełnienia. Zapalniczka występuje w 6 kolorach. Produkt zapakowany w kartonik i wypraskę z tworzywa sztucznego.",3.0000,"1.5","Zapalniczki i popielniczki","0",,"Warstwa 1",
196,0,"DK38-008AB","NOTATNIK","Funkcjonalny notes wykonany z komponentów biodegradowalnych. Możliwe jest wykonanie grafiki ze wzorem w technologii laserowej, dolna część okładki wykonana z korka. Produkt wyposażony w długopis umożliwiający natychmiastowe użycie notesu.",6.5000,"3","Upominki biznesowe","0",,"Warstwa 1",
197,0,"DK38-008AB","NOTATNIK ECO","Funkcjonalny notes wykonany z komponentów biodegradowalnych. Możliwe jest wykonanie grafiki ze wzorem w technologii laserowej. Produkt dostępny w 3 kolorach wyposażony w długopis umożliwiający natychmiastowe użycie notesu.",6.5000,"3","Upominki biznesowe","0",,"Warstwa 1",
198,0,"PIRAMIDA SZKŁO M","PIRAMIDA SZKŁO","Ozdoba z bezbarwnego szkła w kształcie piramidy, posiadający miejsce na wykonanie grafiki ze wzorem. Produkt zapakowany w kartoniku ochronnym.",7.0000,"1.1","Upominki biznesowe","0",,"Warstwa 1",
199,0,"PIRAMIDA SZKŁO D","PIRAMIDA SZKŁO DUŻA","Ozdoba z bezbarwnego szkła w kształcie piramidy, posiadający miejsce na wykonanie grafiki ze wzorem. Produkt zapakowany w kartoniku ochronnym.",9.0000,"1.1","Upominki biznesowe","0",,"Warstwa 1",
200,0,"DK39-EKO4","ZESTAW UPOMINKOWY","Zestaw upominkowy (etui na karty, brelok) zapakowany w eleganckim kartoniku. Możliwość wykonania graweru z grafiką klienta, na brelokach możliwy grawer dwustronny. Produkt dostępny w 3 kolorach:  1 - Czarny ze srebrnym grawerem ; 
2 - Brązowy z czarnym gr",17.0000,"3","Upominki biznesowe","0",,"Warstwa 1",
206,19,"FILIŻANKA SUB","FILIŻANKA SUB","Stylowa i elegancka ceramiczna filiżanka. Możliwość wykonania dowolnej grafiki w pełnym kolorze. Zestaw zawiera filiżankę i spodek.",12.0000,"10","Ceramika i szkło","0",,"Warstwa 1,cut",
207,13,"SZKLANKA M SUB","SZKLANKA M SUB","Szklanka wykonana ze szkła mrożonego z możliwością wykonania dowolnej grafiki. Produkt dostępny w wielu ciekawych wzorach ",9.0000,"10","Ceramika i szkło","0",,"Warstwa 1,cut",
208,5,"KUBEK M SUB","KUBEK M SUB","Szklanka z uchem wykonana ze szkła mrożonego z możliwością wykonania dowolnej grafiki. Produkt dostępny w wielu ciekawych wzorach ",9.0000,"10","Ceramika i szkło","0",,"Warstwa 1,cut",
209,1,"KIELISZEK C SUB","KIELISZEK C SUB","Kieliszek wykonany z białej ceramiki z możliwością wykonania dowolnej grafiki.  Produkt dostępny w wielu ciekawych wzorach ",5.5000,"10","Ceramika i szkło","0",,"Warstwa 1,cut",
210,2,"KIELISZEK M SUB","KIELISZEK M SUB","Kieliszek wykonany ze szkła mrożonego z możliwością wykonania dowolnej grafiki. Produkt dostępny w wielu ciekawych wzorach ",5.5000,"10","Ceramika i szkło","0",,"Warstwa 1,cut",
211,10,"KUFEL SUB","KUFEL SUB","Kufel wykonany ze szkła mrożonego z możliwością wykonania dowolnej grafiki. Produkt dostępny w wielu ciekawych wzorach ",17.5000,"10","Ceramika i szkło","0",,"Warstwa 1,cut",
212,20,"SKARBONKA SUB","SKARBONKA SUB","Skarbonka w formie walca wykonana z wytrzymałej ceramiki. Możliwe jest nałożenie dowolnej grafiki w pełnym kolorze. Idealny prezent dla dziecka dostępny w wielu wzorach.",12.0000,"10","Ceramika i szkło","0",,"Warstwa 1,cut",
213,15,"DK42-058AB","KUFEL AB","Brak opisu",0.0000,"10","Ceramika i szkło","0",,"Warstwa 1,cut",
214,0,"DK18-CHUSTA","CHUSTA TRIO","Chusty wielofunkcyjna w formie komina z możliwością wykonania dowolnej grafiki. Brak niewygodnych szwów, wykonana z elastycznego poliestru. Idealna na codzienne spacery, oraz aktywnego spędzania czasu, dla dorosłych jak i dzieci.",4.0000,"8","Tekstylia","0",,"Warstwa 1",
215,5,"ZAPALNICZKA BENZYNA KOLOR","ZAPALNICZKA BENZYNA KOLOR","Otwierana zapalniczka benzynowa do napełniania benzyną. Zdobienie na produkcie stylizowane na motyw retro z imieniem męskim. Produkt zapakowany w profilowanym opakowaniu i kartce.",10.0000,"6","Zapalniczki i popielniczki","0",,"Warstwa 1",
216,10,"ZAPAL ZL-12 BIAŁA","ZAPAL ZL-12 BIAŁA","Zapalniczka gazowa z żarowym płomieniem z możliwością wielokrotnego napełnienia. Produkt dostępny w kolorze białym.",12.0000,"1.5","Zapalniczki i popielniczki","0",,"Warstwa 1",
217,11,"ZAPAL ZL-12 CZARNA","ZAPAL ZL-12 CZARNA","Zapalniczka gazowa z żarowym płomieniem z możliwością wielokrotnego napełnienia. Produkt dostępny w kolorze czarnym.",12.0000,"1.5","Zapalniczki i popielniczki","0",,"Warstwa 1",
218,12,"ZAPALNICZKA ŻYWICA","ZAPALNICZKA ŻYWICA","Zapalniczka gazowa z możliwością wykonania dowolnej grafiki w pełnym kolorze. ",7.5000,"2","Zapalniczki i popielniczki","0",,"Warstwa 1,cut",
219,13,"ZAPALNICZKA GUMA CZARNA","ZAPALNICZKA GUMA CZARNA","Zapalniczka gazowa z możliwością wielokrotnego napełnienia.",3.5000,"1.5","Zapalniczki i popielniczki","0",,"Warstwa 1",
220,14,"ZAPALNICZKA JET MIX GUMA","ZAPALNICZKA JET MIX GUMA","Zapalniczka gazowa z żarowym płomieniem z możliwością wielokrotnego napełnienia.",10.0000,"1.5","Zapalniczki i popielniczki","0",,"Warstwa 1",
222,13,"PODKŁADKA SUB","PODKŁADKA SUB","Podkładka pod myszkę z barwnym wydrukiem wykonanym w technice sublimacyjnej. Wymiary podkładki 24cm x 20cm",7.5000,"8","Ozdoby domowe","0",,"Warstwa 1",
285,0,"BRAK","KIELISZEK OMBRE","Brak opisu",0.0000,"3","Ceramika i szkło","0",,"Warstwa 1,cut",
287,0,"DK42-009A","KORKOCIĄG DREWNO","Brak opisu",0.0000,"3","Otwieracze do butelek","0",,"Warstwa 1,cut",
288,0,"DK42-009B","SCYZORYK DREWNO","Brak opisu",0.0000,"3","Akcesoria podróżne","0",,"Warstwa 1,cut",
289,0,"DK42-009C","OTWIERACZ DREWNO","Brak opisu",0.0000,"3","Otwieracze do butelek","0",,"Warstwa 1,cut",
290,0,"DK42-045A1","PIERSIÓWKA 1","Brak opisu",0.0000,"6","Akcesoria podróżne","0",,"Warstwa 1,cut",
291,0,"DK42-045A2","PIERSIÓWKA 2","Brak opisu",0.0000,"6","Akcesoria podróżne","0",,"Warstwa 1,cut",
292,0,"DK42-045A3","PIERSIÓWKA 3","Brak opisu",0.0000,"2","Akcesoria podróżne","0",,"Warstwa 1,cut",
294,0,"DK41-077A","MAGNES NÓŻKI RYCERZ","Magnes wykonany z tworzywa ceramicznego posiadający miejsce na wykonanie grafiki ze wzorem. Produkt zapakowany w woreczku.",5.0000,"2","Magnesy","0",,"Warstwa 1,cut",
306,0,"DK42-057S","POPIELNICZKA METAL KWADRAT","Brak opisu",0.0000,"2.1","Zapalniczki i popielniczki","0",,"Warstwa 1,cut",
307,0,"DK42-057M","POPIELNICZKA METAL KOŁO ŚREDNIA","Brak opisu",0.0000,"2.1","Zapalniczki i popielniczki","0",,"Warstwa 1,cut",
308,0,"DK42-057L","POPIELNICZKA METAL KOŁO DUŻA","Brak opisu",0.0000,"2.1","Zapalniczki i popielniczki","0",,"Warstwa 1,cut",
310,0,"DK42-037A","DŁUGOPIS BAMBUS GUMKA KOLOR","Brak opisu",0.0000,"3","Długopisy","0",,"Warstwa 1,cut",
311,0,"MAGNES CERAMICZNY ŻYWICOWANY","MAGNES CERAMICZNY ŻYWICOWANY","Brak opisu",0.0000,"2","Magnesy","0",,"Warstwa 1,cut",
312,0,"DK42-163","BRELOK STER","Brak opisu",0.0000,"2","Breloki","0",,"Warstwa 1,cut",
313,0,"DK42-165A","MAGNES METAL KOŁO 1","Brak opisu",0.0000,"2","Magnesy","0",,"Warstwa 1,cut",
314,0,"DK42-185","MAGNES METAL KOŁO 2","Brak opisu",0.0000,"2","Magnesy","0",,"Warstwa 1,cut",
315,0,"DK42-166","MAGNES METAL KOŁO 3","Brak opisu",0.0000,"2","Magnesy","0",,"Warstwa 1,cut",
316,0,"DK42-165B","MAGNES METAL KOŁO 4","Brak opisu",0.0000,"2","Magnesy","0",,"Warstwa 1,cut",
317,0,"ŁYŻECZKA","ŁYŻECZKA","Brak opisu",0.0000,"2","Magnesy","0",,"Warstwa 1,cut",
320,2,"KUBEK CZARNY MAT","KUBEK CZARNY MAT","Brak opisu",12.0000,"3","Ceramika i szkło","0",,"Warstwa 1,cut",
322,4,"KUBEK SUB DUŻY","KUBEK DUŻY SUB","Brak opisu",0.0000,"10","Ceramika i szkło","0",,"Warstwa 1,cut",
325,3,"KIELISZEK M SUB WYSOKI","KIELISZEK M SUB WYSOKI","Brak opisu",0.0000,"10","Ceramika i szkło","0",,"Warstwa 1,cut",
326,8,"KUBEK SUB METAL","KUBEK SUB METAL","Brak opisu",0.0000,"10","Ceramika i szkło","0",,"Warstwa 1,cut",
327,9,"KUBEK SUB METAL KOLOR","KUBEK SUB METAL KOLOR","Brak opisu",0.0000,"10","Ceramika i szkło","0",,"Warstwa 1,cut",
328,11,"KUFEL SUB KOLOR","KUFEL SUB KOLOR","Brak opisu",0.0000,"10","Ceramika i szkło","0",,"Warstwa 1,cut",
329,16,"KUFEL SUB CERAMIKA","KUFEL C1 BECZKA SUB","Brak opisu",0.0000,"10","Ceramika i szkło","0",,"Warstwa 1,cut",
332,0,"KIELISZEK KWADRAT SUB","KIELISZEK KWADRAT SUB","Brak opisu",0.0000,"1.1","Ceramika i szkło","0",,"Warstwa 1,cut",
334,65,"DK42-168","OTWIERACZ KOŁO RATUNKOWE","Brak opisu",0.0000,"2","Otwieracze do butelek","0",,"Warstwa 1,cut",
